,index,0,1,predicted
0,3311,0.9333333333333333,0.06666666666666667,0
1,6330,1.0,0.0,0
2,6156,0.5333333333333333,0.4666666666666667,0
3,5313,0.8666666666666667,0.13333333333333333,0
4,1176,1.0,0.0,0
5,3761,0.8666666666666667,0.13333333333333333,0
6,882,0.4,0.6,1
7,3420,0.3333333333333333,0.6666666666666666,1
8,1421,0.9333333333333333,0.06666666666666667,0
9,73,0.8,0.2,0
10,2356,0.2,0.8,1
11,1151,0.9333333333333333,0.06666666666666667,0
12,2140,1.0,0.0,0
13,5372,0.8,0.2,0
14,5530,0.4666666666666667,0.5333333333333333,1
15,6586,0.8666666666666667,0.13333333333333333,0
16,1646,0.9333333333333333,0.06666666666666667,0
17,4729,0.4666666666666667,0.5333333333333333,1
18,1110,1.0,0.0,0
19,6296,0.9333333333333333,0.06666666666666667,0
20,1914,0.2,0.8,1
21,4462,0.8666666666666667,0.13333333333333333,0
22,4304,0.9333333333333333,0.06666666666666667,0
23,3740,0.6666666666666666,0.3333333333333333,0
24,983,0.6,0.4,0
25,6006,0.6666666666666666,0.3333333333333333,0
26,6902,0.3333333333333333,0.6666666666666666,1
27,5191,0.8,0.2,0
28,3413,0.8666666666666667,0.13333333333333333,0
29,6700,0.4666666666666667,0.5333333333333333,1
30,2701,0.8666666666666667,0.13333333333333333,0
31,6929,0.9333333333333333,0.06666666666666667,0
32,1859,0.7333333333333333,0.26666666666666666,0
33,5024,1.0,0.0,0
34,4439,0.8,0.2,0
35,1855,0.8666666666666667,0.13333333333333333,0
36,5656,0.7333333333333333,0.26666666666666666,0
37,5922,0.5333333333333333,0.4666666666666667,0
38,4892,0.7333333333333333,0.26666666666666666,0
39,3510,0.8666666666666667,0.13333333333333333,0
40,6977,0.8,0.2,0
41,3889,1.0,0.0,0
42,2653,0.9333333333333333,0.06666666666666667,0
43,4190,0.8666666666666667,0.13333333333333333,0
44,5244,0.5333333333333333,0.4666666666666667,0
45,4415,0.8,0.2,0
46,1766,0.8666666666666667,0.13333333333333333,0
47,4281,0.6,0.4,0
48,788,0.9333333333333333,0.06666666666666667,0
49,671,1.0,0.0,0
50,5708,0.13333333333333333,0.8666666666666667,1
51,4496,0.6,0.4,0
52,5533,0.9333333333333333,0.06666666666666667,0
53,1940,0.13333333333333333,0.8666666666666667,1
54,4927,0.8666666666666667,0.13333333333333333,0
55,5461,1.0,0.0,0
56,3568,0.4666666666666667,0.5333333333333333,1
57,840,1.0,0.0,0
58,5266,0.6,0.4,0
59,4715,0.6666666666666666,0.3333333333333333,0
60,5611,0.8666666666666667,0.13333333333333333,0
61,95,1.0,0.0,0
62,4876,0.7333333333333333,0.26666666666666666,0
63,2578,0.5333333333333333,0.4666666666666667,0
64,1722,1.0,0.0,0
65,3543,0.5333333333333333,0.4666666666666667,0
66,5894,0.9333333333333333,0.06666666666666667,0
67,6522,0.9333333333333333,0.06666666666666667,0
68,451,0.4666666666666667,0.5333333333333333,1
69,6898,0.8,0.2,0
70,4547,0.9333333333333333,0.06666666666666667,0
71,6771,0.26666666666666666,0.7333333333333333,1
72,4249,0.4666666666666667,0.5333333333333333,1
73,6807,1.0,0.0,0
74,169,0.6666666666666666,0.3333333333333333,0
75,6332,1.0,0.0,0
76,4519,0.8666666666666667,0.13333333333333333,0
77,3063,0.6,0.4,0
78,3880,0.5333333333333333,0.4666666666666667,0
79,6869,0.4666666666666667,0.5333333333333333,1
80,4720,1.0,0.0,0
81,6283,0.6666666666666666,0.3333333333333333,0
82,4326,0.7333333333333333,0.26666666666666666,0
83,2421,0.5333333333333333,0.4666666666666667,0
84,2506,0.7333333333333333,0.26666666666666666,0
85,4906,0.6,0.4,0
86,5921,1.0,0.0,0
87,1877,0.6666666666666666,0.3333333333333333,0
88,4780,0.5333333333333333,0.4666666666666667,0
89,4125,0.06666666666666667,0.9333333333333333,1
90,1104,0.26666666666666666,0.7333333333333333,1
91,3233,0.4,0.6,1
92,6877,0.7333333333333333,0.26666666666666666,0
93,3518,0.06666666666666667,0.9333333333333333,1
94,2994,0.3333333333333333,0.6666666666666666,1
95,3581,0.8666666666666667,0.13333333333333333,0
96,4558,1.0,0.0,0
97,4181,0.7333333333333333,0.26666666666666666,0
98,5345,0.4666666666666667,0.5333333333333333,1
99,7040,0.2,0.8,1
100,4266,1.0,0.0,0
101,3669,1.0,0.0,0
102,1957,0.6666666666666666,0.3333333333333333,0
103,5515,0.8,0.2,0
104,6847,0.13333333333333333,0.8666666666666667,1
105,4483,0.4666666666666667,0.5333333333333333,1
106,283,0.8666666666666667,0.13333333333333333,0
107,5772,0.4,0.6,1
108,2802,1.0,0.0,0
109,146,0.8,0.2,0
110,3338,0.9333333333333333,0.06666666666666667,0
111,2559,0.5333333333333333,0.4666666666666667,0
112,6656,0.6666666666666666,0.3333333333333333,0
113,4074,0.7333333333333333,0.26666666666666666,0
114,3049,0.8666666666666667,0.13333333333333333,0
115,4140,1.0,0.0,0
116,5560,0.5333333333333333,0.4666666666666667,0
117,2582,0.8666666666666667,0.13333333333333333,0
118,3943,0.13333333333333333,0.8666666666666667,1
119,30,0.7333333333333333,0.26666666666666666,0
120,186,0.2,0.8,1
121,5759,0.7333333333333333,0.26666666666666666,0
122,1727,1.0,0.0,0
123,6532,0.26666666666666666,0.7333333333333333,1
124,2886,0.9333333333333333,0.06666666666666667,0
125,1209,1.0,0.0,0
126,3158,0.3333333333333333,0.6666666666666666,1
127,6681,0.06666666666666667,0.9333333333333333,1
128,6393,0.3333333333333333,0.6666666666666666,1
129,4360,0.6,0.4,0
130,3976,0.5333333333333333,0.4666666666666667,0
131,4450,0.8666666666666667,0.13333333333333333,0
132,2316,0.8,0.2,0
133,5203,0.8666666666666667,0.13333333333333333,0
134,6273,0.4,0.6,1
135,1850,0.7333333333333333,0.26666666666666666,0
136,3169,0.8,0.2,0
137,3335,0.9333333333333333,0.06666666666666667,0
138,1280,0.7333333333333333,0.26666666666666666,0
139,3786,1.0,0.0,0
140,6152,0.8,0.2,0
141,1020,0.5333333333333333,0.4666666666666667,0
142,2761,0.3333333333333333,0.6666666666666666,1
143,4062,0.8,0.2,0
144,4267,0.8,0.2,0
145,6692,0.5333333333333333,0.4666666666666667,0
146,706,0.9333333333333333,0.06666666666666667,0
147,2967,0.8666666666666667,0.13333333333333333,0
148,3203,0.6666666666666666,0.3333333333333333,0
149,642,0.6,0.4,0
150,6423,0.4,0.6,1
151,967,0.26666666666666666,0.7333333333333333,1
152,2809,0.8,0.2,0
153,5103,0.8666666666666667,0.13333333333333333,0
154,5561,0.6666666666666666,0.3333333333333333,0
155,6635,1.0,0.0,0
156,812,0.3333333333333333,0.6666666666666666,1
157,5334,0.8,0.2,0
158,4570,0.8666666666666667,0.13333333333333333,0
159,5901,0.9333333333333333,0.06666666666666667,0
160,4898,0.8666666666666667,0.13333333333333333,0
161,6823,0.7333333333333333,0.26666666666666666,0
162,4257,0.8666666666666667,0.13333333333333333,0
163,2628,0.8666666666666667,0.13333333333333333,0
164,7008,0.9333333333333333,0.06666666666666667,0
165,4838,0.5333333333333333,0.4666666666666667,0
166,5336,0.4666666666666667,0.5333333333333333,1
167,6529,0.4,0.6,1
168,6174,0.13333333333333333,0.8666666666666667,1
169,6388,0.6666666666666666,0.3333333333333333,0
170,7031,0.8,0.2,0
171,2710,0.6666666666666666,0.3333333333333333,0
172,3656,0.9333333333333333,0.06666666666666667,0
173,5729,1.0,0.0,0
174,129,0.26666666666666666,0.7333333333333333,1
175,1747,1.0,0.0,0
176,682,0.8666666666666667,0.13333333333333333,0
177,96,1.0,0.0,0
178,293,0.5333333333333333,0.4666666666666667,0
179,5214,0.8666666666666667,0.13333333333333333,0
180,1568,0.9333333333333333,0.06666666666666667,0
181,4916,0.4666666666666667,0.5333333333333333,1
182,6353,0.7333333333333333,0.26666666666666666,0
183,4532,0.6,0.4,0
184,957,0.8666666666666667,0.13333333333333333,0
185,819,0.6666666666666666,0.3333333333333333,0
186,6514,0.9333333333333333,0.06666666666666667,0
187,1583,0.9333333333333333,0.06666666666666667,0
188,1282,0.6666666666666666,0.3333333333333333,0
189,3400,0.6,0.4,0
190,5649,0.8666666666666667,0.13333333333333333,0
191,6705,0.8666666666666667,0.13333333333333333,0
192,5905,0.4,0.6,1
193,5715,0.7333333333333333,0.26666666666666666,0
194,4984,1.0,0.0,0
195,1319,0.5333333333333333,0.4666666666666667,0
196,6306,0.9333333333333333,0.06666666666666667,0
197,267,0.6666666666666666,0.3333333333333333,0
198,1333,0.6666666666666666,0.3333333333333333,0
199,4472,1.0,0.0,0
200,6925,0.8,0.2,0
201,908,1.0,0.0,0
202,2262,0.5333333333333333,0.4666666666666667,0
203,6960,1.0,0.0,0
204,6952,1.0,0.0,0
205,279,0.4,0.6,1
206,2068,0.9333333333333333,0.06666666666666667,0
207,5070,0.6,0.4,0
208,248,0.6666666666666666,0.3333333333333333,0
209,5798,0.7333333333333333,0.26666666666666666,0
210,306,0.7333333333333333,0.26666666666666666,0
211,940,0.7333333333333333,0.26666666666666666,0
212,2127,0.8666666666666667,0.13333333333333333,0
213,4638,0.8,0.2,0
214,6990,0.8,0.2,0
215,1932,0.9333333333333333,0.06666666666666667,0
216,506,0.7333333333333333,0.26666666666666666,0
217,5042,0.9333333333333333,0.06666666666666667,0
218,5256,0.4,0.6,1
219,2461,0.7333333333333333,0.26666666666666666,0
220,6048,0.7333333333333333,0.26666666666666666,0
221,2337,0.8666666666666667,0.13333333333333333,0
222,1572,0.9333333333333333,0.06666666666666667,0
223,6204,0.9333333333333333,0.06666666666666667,0
224,2995,0.4666666666666667,0.5333333333333333,1
225,2111,0.7333333333333333,0.26666666666666666,0
226,362,0.9333333333333333,0.06666666666666667,0
227,3240,0.7333333333333333,0.26666666666666666,0
228,4224,0.6666666666666666,0.3333333333333333,0
229,1091,0.5333333333333333,0.4666666666666667,0
230,1258,0.9333333333333333,0.06666666666666667,0
231,2540,0.9333333333333333,0.06666666666666667,0
232,5174,1.0,0.0,0
233,6935,1.0,0.0,0
234,3526,0.8,0.2,0
235,1842,0.6,0.4,0
236,2907,0.8666666666666667,0.13333333333333333,0
237,6472,0.8,0.2,0
238,3985,0.9333333333333333,0.06666666666666667,0
239,3064,0.7333333333333333,0.26666666666666666,0
240,4335,1.0,0.0,0
241,479,1.0,0.0,0
242,588,0.4,0.6,1
243,5037,0.8,0.2,0
244,6308,1.0,0.0,0
245,2770,0.9333333333333333,0.06666666666666667,0
246,2866,0.9333333333333333,0.06666666666666667,0
247,6022,1.0,0.0,0
248,3635,0.9333333333333333,0.06666666666666667,0
249,2015,0.8666666666666667,0.13333333333333333,0
250,1097,0.3333333333333333,0.6666666666666666,1
251,5546,0.9333333333333333,0.06666666666666667,0
252,4917,0.9333333333333333,0.06666666666666667,0
253,5196,0.6,0.4,0
254,1272,0.9333333333333333,0.06666666666666667,0
255,3647,0.9333333333333333,0.06666666666666667,0
256,6378,0.9333333333333333,0.06666666666666667,0
257,5970,0.3333333333333333,0.6666666666666666,1
258,4542,0.8666666666666667,0.13333333333333333,0
259,4480,0.8,0.2,0
260,5650,1.0,0.0,0
261,740,0.8,0.2,0
262,2695,1.0,0.0,0
263,1835,0.8,0.2,0
264,228,0.8666666666666667,0.13333333333333333,0
265,1143,0.7333333333333333,0.26666666666666666,0
266,5437,0.8,0.2,0
267,1225,0.8666666666666667,0.13333333333333333,0
268,1907,0.06666666666666667,0.9333333333333333,1
269,11,1.0,0.0,0
270,2459,0.6666666666666666,0.3333333333333333,0
271,6687,0.8,0.2,0
272,1194,1.0,0.0,0
273,6693,0.13333333333333333,0.8666666666666667,1
274,503,0.8666666666666667,0.13333333333333333,0
275,2133,0.4666666666666667,0.5333333333333333,1
276,3488,0.8,0.2,0
277,2430,0.8666666666666667,0.13333333333333333,0
278,5876,0.5333333333333333,0.4666666666666667,0
279,4595,0.8,0.2,0
280,120,1.0,0.0,0
281,2385,0.8,0.2,0
282,559,0.7333333333333333,0.26666666666666666,0
283,2646,0.8,0.2,0
284,1374,0.3333333333333333,0.6666666666666666,1
285,3626,0.6,0.4,0
286,6535,0.8666666666666667,0.13333333333333333,0
287,159,0.3333333333333333,0.6666666666666666,1
288,354,0.2,0.8,1
289,3006,1.0,0.0,0
290,3598,0.26666666666666666,0.7333333333333333,1
291,5149,0.8,0.2,0
292,1401,1.0,0.0,0
293,1884,0.8666666666666667,0.13333333333333333,0
294,3137,1.0,0.0,0
295,5344,0.7333333333333333,0.26666666666666666,0
296,4501,0.4666666666666667,0.5333333333333333,1
297,3553,0.4666666666666667,0.5333333333333333,1
298,927,0.9333333333333333,0.06666666666666667,0
299,2655,0.5333333333333333,0.4666666666666667,0
300,4952,0.8666666666666667,0.13333333333333333,0
301,2417,1.0,0.0,0
302,2986,0.6666666666666666,0.3333333333333333,0
303,4269,0.9333333333333333,0.06666666666666667,0
304,1782,1.0,0.0,0
305,2138,0.7333333333333333,0.26666666666666666,0
306,2989,0.6,0.4,0
307,2560,0.8666666666666667,0.13333333333333333,0
308,1637,0.6,0.4,0
309,4126,0.4,0.6,1
310,1111,0.5333333333333333,0.4666666666666667,0
311,6329,1.0,0.0,0
312,3043,1.0,0.0,0
313,6229,0.6,0.4,0
314,942,0.8,0.2,0
315,504,0.4666666666666667,0.5333333333333333,1
316,6143,0.9333333333333333,0.06666666666666667,0
317,5123,0.9333333333333333,0.06666666666666667,0
318,4718,0.8,0.2,0
319,5946,0.8666666666666667,0.13333333333333333,0
320,3143,0.8,0.2,0
321,3686,0.8666666666666667,0.13333333333333333,0
322,1775,0.6666666666666666,0.3333333333333333,0
323,5288,1.0,0.0,0
324,3995,0.7333333333333333,0.26666666666666666,0
325,4781,0.6666666666666666,0.3333333333333333,0
326,2483,0.06666666666666667,0.9333333333333333,1
327,2556,1.0,0.0,0
328,2173,0.3333333333333333,0.6666666666666666,1
329,808,0.8,0.2,0
330,5185,0.4,0.6,1
331,4135,0.9333333333333333,0.06666666666666667,0
332,637,0.7333333333333333,0.26666666666666666,0
333,415,0.8,0.2,0
334,5534,0.4,0.6,1
335,6213,0.6666666666666666,0.3333333333333333,0
336,5636,1.0,0.0,0
337,6441,0.26666666666666666,0.7333333333333333,1
338,5083,0.8,0.2,0
339,6112,0.6,0.4,0
340,6987,1.0,0.0,0
341,6651,0.5333333333333333,0.4666666666666667,0
342,2835,0.5333333333333333,0.4666666666666667,0
343,2726,0.2,0.8,1
344,4662,0.8,0.2,0
345,6941,0.8666666666666667,0.13333333333333333,0
346,6066,0.9333333333333333,0.06666666666666667,0
347,3124,0.4666666666666667,0.5333333333333333,1
348,3972,0.13333333333333333,0.8666666666666667,1
349,1293,0.6666666666666666,0.3333333333333333,0
350,3222,0.5333333333333333,0.4666666666666667,0
351,6773,0.8666666666666667,0.13333333333333333,0
352,1684,0.4,0.6,1
353,4164,0.8666666666666667,0.13333333333333333,0
354,6358,0.9333333333333333,0.06666666666666667,0
355,2555,0.7333333333333333,0.26666666666666666,0
356,5291,0.6666666666666666,0.3333333333333333,0
357,6067,0.8,0.2,0
358,2063,0.9333333333333333,0.06666666666666667,0
359,4451,0.26666666666666666,0.7333333333333333,1
360,6820,0.8666666666666667,0.13333333333333333,0
361,1701,0.8,0.2,0
362,629,0.4666666666666667,0.5333333333333333,1
363,4832,0.8,0.2,0
364,3397,0.8666666666666667,0.13333333333333333,0
365,458,0.6,0.4,0
366,5751,1.0,0.0,0
367,2478,0.8666666666666667,0.13333333333333333,0
368,3349,1.0,0.0,0
369,2092,0.7333333333333333,0.26666666666666666,0
370,1935,0.7333333333333333,0.26666666666666666,0
371,5900,0.2,0.8,1
372,2751,0.9333333333333333,0.06666666666666667,0
373,5389,0.8666666666666667,0.13333333333333333,0
374,4951,0.4666666666666667,0.5333333333333333,1
375,1547,0.6666666666666666,0.3333333333333333,0
376,5497,0.8666666666666667,0.13333333333333333,0
377,6400,0.8666666666666667,0.13333333333333333,0
378,5376,0.6666666666666666,0.3333333333333333,0
379,2310,0.8,0.2,0
380,1496,0.6666666666666666,0.3333333333333333,0
381,4132,0.8666666666666667,0.13333333333333333,0
382,5253,0.5333333333333333,0.4666666666666667,0
383,1564,0.26666666666666666,0.7333333333333333,1
384,4446,1.0,0.0,0
385,121,0.8666666666666667,0.13333333333333333,0
386,3015,0.2,0.8,1
387,3590,0.7333333333333333,0.26666666666666666,0
388,2389,1.0,0.0,0
389,6394,0.4666666666666667,0.5333333333333333,1
390,3461,1.0,0.0,0
391,5098,0.8,0.2,0
392,1864,0.9333333333333333,0.06666666666666667,0
393,6460,0.8666666666666667,0.13333333333333333,0
394,5016,0.8,0.2,0
395,5640,0.7333333333333333,0.26666666666666666,0
396,6638,0.5333333333333333,0.4666666666666667,0
397,2669,0.8,0.2,0
398,4259,0.8666666666666667,0.13333333333333333,0
399,2159,0.8,0.2,0
400,4218,1.0,0.0,0
401,4410,1.0,0.0,0
402,2629,0.8666666666666667,0.13333333333333333,0
403,5350,1.0,0.0,0
404,2360,1.0,0.0,0
405,2977,0.5333333333333333,0.4666666666666667,0
406,5440,0.13333333333333333,0.8666666666666667,1
407,2003,1.0,0.0,0
408,4540,0.4,0.6,1
409,5317,0.6,0.4,0
410,2500,1.0,0.0,0
411,2779,0.8,0.2,0
412,2117,1.0,0.0,0
413,2863,0.8,0.2,0
414,3845,0.9333333333333333,0.06666666666666667,0
415,1162,0.6,0.4,0
416,6711,1.0,0.0,0
417,2938,0.9333333333333333,0.06666666666666667,0
418,2806,0.26666666666666666,0.7333333333333333,1
419,285,0.9333333333333333,0.06666666666666667,0
420,4950,0.8,0.2,0
421,4939,0.8666666666666667,0.13333333333333333,0
422,5113,0.8,0.2,0
423,2450,0.8666666666666667,0.13333333333333333,0
424,5385,0.26666666666666666,0.7333333333333333,1
425,6631,1.0,0.0,0
426,3970,0.9333333333333333,0.06666666666666667,0
427,3066,0.9333333333333333,0.06666666666666667,0
428,6508,0.4666666666666667,0.5333333333333333,1
429,5062,1.0,0.0,0
430,5347,1.0,0.0,0
431,2513,0.5333333333333333,0.4666666666666667,0
432,3305,0.26666666666666666,0.7333333333333333,1
433,5696,0.6666666666666666,0.3333333333333333,0
434,2345,0.6666666666666666,0.3333333333333333,0
435,6867,0.8,0.2,0
436,2142,0.26666666666666666,0.7333333333333333,1
437,718,0.9333333333333333,0.06666666666666667,0
438,5101,0.8666666666666667,0.13333333333333333,0
439,4089,0.8,0.2,0
440,3082,0.5333333333333333,0.4666666666666667,0
441,3836,0.8,0.2,0
442,2679,0.6,0.4,0
443,1130,0.5333333333333333,0.4666666666666667,0
444,6723,1.0,0.0,0
445,1941,1.0,0.0,0
446,2979,0.6,0.4,0
447,477,1.0,0.0,0
448,6609,1.0,0.0,0
449,764,0.4666666666666667,0.5333333333333333,1
450,6433,0.5333333333333333,0.4666666666666667,0
451,3524,0.6,0.4,0
452,4504,0.26666666666666666,0.7333333333333333,1
453,5822,1.0,0.0,0
454,5001,0.7333333333333333,0.26666666666666666,0
455,3925,0.8,0.2,0
456,4593,1.0,0.0,0
457,670,0.9333333333333333,0.06666666666666667,0
458,6164,0.26666666666666666,0.7333333333333333,1
459,576,1.0,0.0,0
460,2602,0.9333333333333333,0.06666666666666667,0
461,1276,0.9333333333333333,0.06666666666666667,0
462,2061,0.4,0.6,1
463,2813,0.8666666666666667,0.13333333333333333,0
464,2318,0.4,0.6,1
465,1255,0.13333333333333333,0.8666666666666667,1
466,410,1.0,0.0,0
467,3814,0.8,0.2,0
468,2687,1.0,0.0,0
469,5819,0.8666666666666667,0.13333333333333333,0
470,5506,0.8,0.2,0
471,1876,0.6,0.4,0
472,4942,1.0,0.0,0
473,5539,0.9333333333333333,0.06666666666666667,0
474,4279,0.9333333333333333,0.06666666666666667,0
475,6225,0.3333333333333333,0.6666666666666666,1
476,874,0.6666666666666666,0.3333333333333333,0
477,369,0.4,0.6,1
478,5964,0.8666666666666667,0.13333333333333333,0
479,3028,0.8,0.2,0
480,428,0.9333333333333333,0.06666666666666667,0
481,2714,0.7333333333333333,0.26666666666666666,0
482,4497,1.0,0.0,0
483,5348,0.6666666666666666,0.3333333333333333,0
484,4905,0.4666666666666667,0.5333333333333333,1
485,2605,0.6666666666666666,0.3333333333333333,0
486,5879,1.0,0.0,0
487,4577,0.4666666666666667,0.5333333333333333,1
488,3570,1.0,0.0,0
489,3602,1.0,0.0,0
490,3987,0.9333333333333333,0.06666666666666667,0
491,3790,0.8666666666666667,0.13333333333333333,0
492,4578,0.8666666666666667,0.13333333333333333,0
493,3106,0.6,0.4,0
494,4839,0.7333333333333333,0.26666666666666666,0
495,5524,0.6666666666666666,0.3333333333333333,0
496,4375,1.0,0.0,0
497,1968,1.0,0.0,0
498,4301,0.9333333333333333,0.06666666666666667,0
499,124,0.8666666666666667,0.13333333333333333,0
500,6073,0.6666666666666666,0.3333333333333333,0
501,6162,0.6666666666666666,0.3333333333333333,0
502,6290,0.6666666666666666,0.3333333333333333,0
503,6,1.0,0.0,0
504,4625,0.2,0.8,1
505,3131,1.0,0.0,0
506,4859,0.6,0.4,0
507,2762,0.7333333333333333,0.26666666666666666,0
508,3623,0.6,0.4,0
509,801,0.7333333333333333,0.26666666666666666,0
510,507,0.3333333333333333,0.6666666666666666,1
511,3290,0.9333333333333333,0.06666666666666667,0
512,1133,0.7333333333333333,0.26666666666666666,0
513,6104,0.8666666666666667,0.13333333333333333,0
514,2599,0.8666666666666667,0.13333333333333333,0
515,651,0.6666666666666666,0.3333333333333333,0
516,315,1.0,0.0,0
517,6064,0.13333333333333333,0.8666666666666667,1
518,5666,0.4666666666666667,0.5333333333333333,1
519,5677,1.0,0.0,0
520,3501,0.4666666666666667,0.5333333333333333,1
521,5307,0.4,0.6,1
522,304,0.8666666666666667,0.13333333333333333,0
523,436,0.6666666666666666,0.3333333333333333,0
524,1699,0.8666666666666667,0.13333333333333333,0
525,4214,0.7333333333333333,0.26666666666666666,0
526,4206,0.9333333333333333,0.06666666666666667,0
527,6944,0.9333333333333333,0.06666666666666667,0
528,3193,0.6666666666666666,0.3333333333333333,0
529,3332,0.6,0.4,0
530,5380,0.8666666666666667,0.13333333333333333,0
531,2815,0.7333333333333333,0.26666666666666666,0
532,5406,0.5333333333333333,0.4666666666666667,0
533,4573,0.8666666666666667,0.13333333333333333,0
534,1920,1.0,0.0,0
535,4513,0.8,0.2,0
536,4850,0.9333333333333333,0.06666666666666667,0
537,5833,0.8,0.2,0
538,1565,0.26666666666666666,0.7333333333333333,1
539,1240,1.0,0.0,0
540,6603,0.8,0.2,0
541,2453,0.9333333333333333,0.06666666666666667,0
542,6814,1.0,0.0,0
543,2094,0.5333333333333333,0.4666666666666667,0
544,4586,0.8666666666666667,0.13333333333333333,0
545,2363,0.26666666666666666,0.7333333333333333,1
546,3992,0.7333333333333333,0.26666666666666666,0
547,3729,0.6,0.4,0
548,6420,1.0,0.0,0
549,4548,0.7333333333333333,0.26666666666666666,0
550,6071,1.0,0.0,0
551,3329,0.9333333333333333,0.06666666666666667,0
552,5114,1.0,0.0,0
553,6855,1.0,0.0,0
554,4800,0.6666666666666666,0.3333333333333333,0
555,4205,1.0,0.0,0
556,404,0.8666666666666667,0.13333333333333333,0
557,2186,0.7333333333333333,0.26666666666666666,0
558,6853,0.5333333333333333,0.4666666666666667,0
559,4217,0.6666666666666666,0.3333333333333333,0
560,23,0.8,0.2,0
561,6507,1.0,0.0,0
562,264,1.0,0.0,0
563,4620,0.2,0.8,1
564,2302,0.26666666666666666,0.7333333333333333,1
565,5992,0.9333333333333333,0.06666666666666667,0
566,6476,0.26666666666666666,0.7333333333333333,1
567,5874,0.4666666666666667,0.5333333333333333,1
568,5978,1.0,0.0,0
569,3457,0.6,0.4,0
570,3949,0.8,0.2,0
571,2202,0.9333333333333333,0.06666666666666667,0
572,3910,0.4666666666666667,0.5333333333333333,1
573,6811,1.0,0.0,0
574,3280,0.6666666666666666,0.3333333333333333,0
575,5463,0.8666666666666667,0.13333333333333333,0
576,4382,0.8666666666666667,0.13333333333333333,0
577,4745,1.0,0.0,0
578,6801,0.8666666666666667,0.13333333333333333,0
579,6606,0.8666666666666667,0.13333333333333333,0
580,4234,0.7333333333333333,0.26666666666666666,0
581,5720,0.9333333333333333,0.06666666666666667,0
582,4270,0.4666666666666667,0.5333333333333333,1
583,3417,0.9333333333333333,0.06666666666666667,0
584,1543,0.9333333333333333,0.06666666666666667,0
585,3633,0.7333333333333333,0.26666666666666666,0
586,4589,0.7333333333333333,0.26666666666666666,0
587,878,0.9333333333333333,0.06666666666666667,0
588,5686,0.7333333333333333,0.26666666666666666,0
589,4868,0.6666666666666666,0.3333333333333333,0
590,6962,0.26666666666666666,0.7333333333333333,1
591,2312,0.8666666666666667,0.13333333333333333,0
592,4424,0.8666666666666667,0.13333333333333333,0
593,516,0.8,0.2,0
594,5444,0.8,0.2,0
595,6465,0.8666666666666667,0.13333333333333333,0
596,2837,0.8,0.2,0
597,2211,0.26666666666666666,0.7333333333333333,1
598,1017,0.8,0.2,0
599,6026,0.6666666666666666,0.3333333333333333,0
600,4200,0.6,0.4,0
601,4065,1.0,0.0,0
602,3891,0.8666666666666667,0.13333333333333333,0
603,1275,0.5333333333333333,0.4666666666666667,0
604,2362,0.9333333333333333,0.06666666666666667,0
605,4021,0.5333333333333333,0.4666666666666667,0
606,5794,0.7333333333333333,0.26666666666666666,0
607,618,1.0,0.0,0
608,4743,0.6666666666666666,0.3333333333333333,0
609,5746,0.9333333333333333,0.06666666666666667,0
610,6119,0.4666666666666667,0.5333333333333333,1
611,3819,0.6666666666666666,0.3333333333333333,0
612,5802,0.6666666666666666,0.3333333333333333,0
613,4792,0.3333333333333333,0.6666666666666666,1
614,6506,0.8666666666666667,0.13333333333333333,0
615,4075,0.6666666666666666,0.3333333333333333,0
616,35,0.9333333333333333,0.06666666666666667,0
617,5403,0.5333333333333333,0.4666666666666667,0
618,4323,1.0,0.0,0
619,2756,0.8666666666666667,0.13333333333333333,0
620,3201,0.4,0.6,1
621,2685,0.7333333333333333,0.26666666666666666,0
622,4038,0.6,0.4,0
623,521,0.9333333333333333,0.06666666666666667,0
624,6036,0.9333333333333333,0.06666666666666667,0
625,4938,0.26666666666666666,0.7333333333333333,1
626,3427,0.6,0.4,0
627,1512,1.0,0.0,0
628,5881,0.3333333333333333,0.6666666666666666,1
629,4828,0.6666666666666666,0.3333333333333333,0
630,3439,0.8666666666666667,0.13333333333333333,0
631,773,0.8,0.2,0
632,6710,0.7333333333333333,0.26666666666666666,0
633,3387,0.6666666666666666,0.3333333333333333,0
634,5487,0.8666666666666667,0.13333333333333333,0
635,1828,0.8666666666666667,0.13333333333333333,0
636,2621,0.26666666666666666,0.7333333333333333,1
637,316,0.6,0.4,0
638,109,0.8,0.2,0
639,1402,0.3333333333333333,0.6666666666666666,1
640,108,0.6666666666666666,0.3333333333333333,0
641,2588,0.6,0.4,0
642,2276,0.5333333333333333,0.4666666666666667,0
643,6924,0.5333333333333333,0.4666666666666667,0
644,2616,1.0,0.0,0
645,1448,1.0,0.0,0
646,3921,0.8666666666666667,0.13333333333333333,0
647,1435,0.6666666666666666,0.3333333333333333,0
648,1521,0.5333333333333333,0.4666666666666667,0
649,391,0.6666666666666666,0.3333333333333333,0
650,1186,0.06666666666666667,0.9333333333333333,1
651,2373,0.4,0.6,1
652,1323,0.3333333333333333,0.6666666666666666,1
653,567,0.9333333333333333,0.06666666666666667,0
654,3013,0.8666666666666667,0.13333333333333333,0
655,5653,0.7333333333333333,0.26666666666666666,0
656,4024,0.5333333333333333,0.4666666666666667,0
657,619,0.9333333333333333,0.06666666666666667,0
658,6880,0.6666666666666666,0.3333333333333333,0
659,2089,0.9333333333333333,0.06666666666666667,0
660,3392,0.8666666666666667,0.13333333333333333,0
661,2892,0.8,0.2,0
662,5272,0.6,0.4,0
663,6794,0.4,0.6,1
664,2115,0.6666666666666666,0.3333333333333333,0
665,6099,0.4666666666666667,0.5333333333333333,1
666,4510,0.4666666666666667,0.5333333333333333,1
667,148,0.4666666666666667,0.5333333333333333,1
668,849,0.8,0.2,0
669,1036,1.0,0.0,0
670,2700,1.0,0.0,0
671,3315,0.8666666666666667,0.13333333333333333,0
672,5150,1.0,0.0,0
673,3262,0.5333333333333333,0.4666666666666667,0
674,6747,0.8666666666666667,0.13333333333333333,0
675,857,1.0,0.0,0
676,6786,0.5333333333333333,0.4666666666666667,0
677,3674,0.8666666666666667,0.13333333333333333,0
678,5731,0.5333333333333333,0.4666666666666667,0
679,6611,0.9333333333333333,0.06666666666666667,0
680,2108,0.7333333333333333,0.26666666666666666,0
681,1192,0.8666666666666667,0.13333333333333333,0
682,2254,0.9333333333333333,0.06666666666666667,0
683,3573,0.8666666666666667,0.13333333333333333,0
684,5413,0.6,0.4,0
685,5550,0.8666666666666667,0.13333333333333333,0
686,2738,0.8,0.2,0
687,3421,0.5333333333333333,0.4666666666666667,0
688,3583,1.0,0.0,0
689,3538,1.0,0.0,0
690,4003,0.4,0.6,1
691,1674,0.8666666666666667,0.13333333333333333,0
692,1263,0.6666666666666666,0.3333333333333333,0
693,997,0.8,0.2,0
694,4899,0.6666666666666666,0.3333333333333333,0
695,6451,0.8,0.2,0
696,5321,0.6,0.4,0
697,938,0.7333333333333333,0.26666666666666666,0
698,4077,0.7333333333333333,0.26666666666666666,0
699,2924,1.0,0.0,0
700,2489,0.6666666666666666,0.3333333333333333,0
701,813,0.8666666666666667,0.13333333333333333,0
702,6750,0.9333333333333333,0.06666666666666667,0
703,6120,0.8666666666666667,0.13333333333333333,0
704,5281,0.5333333333333333,0.4666666666666667,0
705,5391,1.0,0.0,0
706,2164,0.9333333333333333,0.06666666666666667,0
707,6790,0.6,0.4,0
708,4357,0.6,0.4,0
709,1714,0.6666666666666666,0.3333333333333333,0
710,384,0.8666666666666667,0.13333333333333333,0
711,2709,0.7333333333333333,0.26666666666666666,0
712,1071,0.9333333333333333,0.06666666666666667,0
713,6049,0.9333333333333333,0.06666666666666667,0
714,4324,0.6,0.4,0
715,48,0.4,0.6,1
716,5460,0.6,0.4,0
717,5232,0.6,0.4,0
718,118,0.8666666666666667,0.13333333333333333,0
719,4692,0.8666666666666667,0.13333333333333333,0
720,133,0.13333333333333333,0.8666666666666667,1
721,3173,0.9333333333333333,0.06666666666666667,0
722,2970,0.6666666666666666,0.3333333333333333,0
723,17,0.2,0.8,1
724,2665,0.6666666666666666,0.3333333333333333,0
725,1881,1.0,0.0,0
726,3160,0.7333333333333333,0.26666666666666666,0
727,5955,0.6,0.4,0
728,1483,0.7333333333333333,0.26666666666666666,0
729,5997,1.0,0.0,0
730,450,1.0,0.0,0
731,3301,1.0,0.0,0
732,326,0.9333333333333333,0.06666666666666667,0
733,1454,1.0,0.0,0
734,4255,0.9333333333333333,0.06666666666666667,0
735,2080,1.0,0.0,0
736,4494,0.9333333333333333,0.06666666666666667,0
737,1725,0.26666666666666666,0.7333333333333333,1
738,2764,0.6,0.4,0
739,1241,1.0,0.0,0
740,5628,0.7333333333333333,0.26666666666666666,0
741,1622,0.6666666666666666,0.3333333333333333,0
742,6276,0.8,0.2,0
743,1825,0.9333333333333333,0.06666666666666667,0
744,1944,1.0,0.0,0
745,1629,0.6,0.4,0
746,3963,0.7333333333333333,0.26666666666666666,0
747,6266,0.8,0.2,0
748,4103,0.8666666666666667,0.13333333333333333,0
749,5168,0.7333333333333333,0.26666666666666666,0
750,1841,0.9333333333333333,0.06666666666666667,0
751,1383,0.8666666666666667,0.13333333333333333,0
752,2713,0.8,0.2,0
753,2532,0.4666666666666667,0.5333333333333333,1
754,5535,1.0,0.0,0
755,6956,1.0,0.0,0
756,5370,0.3333333333333333,0.6666666666666666,1
757,5568,0.9333333333333333,0.06666666666666667,0
758,791,0.7333333333333333,0.26666666666666666,0
759,6033,1.0,0.0,0
760,67,0.7333333333333333,0.26666666666666666,0
761,699,0.2,0.8,1
762,5335,0.9333333333333333,0.06666666666666667,0
763,3917,0.7333333333333333,0.26666666666666666,0
764,2107,0.6666666666666666,0.3333333333333333,0
765,5748,0.3333333333333333,0.6666666666666666,1
766,5108,0.06666666666666667,0.9333333333333333,1
767,3058,1.0,0.0,0
768,2179,1.0,0.0,0
769,4338,0.8,0.2,0
770,3632,0.7333333333333333,0.26666666666666666,0
771,4652,0.9333333333333333,0.06666666666666667,0
772,4084,0.6,0.4,0
773,1854,0.4,0.6,1
774,6255,0.7333333333333333,0.26666666666666666,0
775,3122,0.8,0.2,0
776,5126,0.06666666666666667,0.9333333333333333,1
777,3266,0.6666666666666666,0.3333333333333333,0
778,487,0.4666666666666667,0.5333333333333333,1
779,143,0.3333333333333333,0.6666666666666666,1
780,4725,0.13333333333333333,0.8666666666666667,1
781,5545,0.8,0.2,0
782,4851,0.9333333333333333,0.06666666666666667,0
783,4954,1.0,0.0,0
784,748,0.8666666666666667,0.13333333333333333,0
785,5466,0.4666666666666667,0.5333333333333333,1
786,2145,0.9333333333333333,0.06666666666666667,0
787,6405,0.8,0.2,0
788,6510,0.9333333333333333,0.06666666666666667,0
789,1515,0.8,0.2,0
790,6265,0.7333333333333333,0.26666666666666666,0
791,2601,0.06666666666666667,0.9333333333333333,1
792,4798,0.8666666666666667,0.13333333333333333,0
793,6981,0.4666666666666667,0.5333333333333333,1
794,6622,0.8666666666666667,0.13333333333333333,0
795,5061,1.0,0.0,0
796,6437,0.8,0.2,0
797,2545,1.0,0.0,0
798,4144,0.8666666666666667,0.13333333333333333,0
799,2625,0.6666666666666666,0.3333333333333333,0
800,6910,1.0,0.0,0
801,6346,0.2,0.8,1
802,3557,0.13333333333333333,0.8666666666666667,1
803,3996,0.8,0.2,0
804,448,0.8666666666666667,0.13333333333333333,0
805,397,0.6666666666666666,0.3333333333333333,0
806,1838,0.2,0.8,1
807,3391,0.8666666666666667,0.13333333333333333,0
808,6712,0.9333333333333333,0.06666666666666667,0
809,5969,0.9333333333333333,0.06666666666666667,0
810,1902,0.8,0.2,0
811,2663,1.0,0.0,0
812,980,0.6,0.4,0
813,4433,0.8,0.2,0
814,1713,0.9333333333333333,0.06666666666666667,0
815,6778,0.9333333333333333,0.06666666666666667,0
816,5416,0.8666666666666667,0.13333333333333333,0
817,921,0.9333333333333333,0.06666666666666667,0
818,3159,1.0,0.0,0
819,6950,0.8666666666666667,0.13333333333333333,0
820,2403,0.3333333333333333,0.6666666666666666,1
821,1840,0.7333333333333333,0.26666666666666666,0
822,5683,0.7333333333333333,0.26666666666666666,0
823,1199,0.5333333333333333,0.4666666666666667,0
824,6791,0.8,0.2,0
825,2987,0.9333333333333333,0.06666666666666667,0
826,2849,0.6666666666666666,0.3333333333333333,0
827,5160,0.9333333333333333,0.06666666666666667,0
828,6953,0.9333333333333333,0.06666666666666667,0
829,1074,0.26666666666666666,0.7333333333333333,1
830,3449,0.9333333333333333,0.06666666666666667,0
831,5641,0.4,0.6,1
832,2470,0.6666666666666666,0.3333333333333333,0
833,1812,0.9333333333333333,0.06666666666666667,0
834,2909,1.0,0.0,0
835,6221,0.9333333333333333,0.06666666666666667,0
836,3628,0.7333333333333333,0.26666666666666666,0
837,4231,0.8,0.2,0
838,2615,0.8666666666666667,0.13333333333333333,0
839,6417,0.6,0.4,0
840,3086,0.7333333333333333,0.26666666666666666,0
841,6753,1.0,0.0,0
842,3651,0.7333333333333333,0.26666666666666666,0
843,683,0.4,0.6,1
844,3310,0.6,0.4,0
845,5265,0.7333333333333333,0.26666666666666666,0
846,6455,0.8666666666666667,0.13333333333333333,0
847,2843,0.8666666666666667,0.13333333333333333,0
848,4774,0.4,0.6,1
849,6628,1.0,0.0,0
850,1041,0.5333333333333333,0.4666666666666667,0
851,6583,0.7333333333333333,0.26666666666666666,0
852,3968,0.6666666666666666,0.3333333333333333,0
853,7015,1.0,0.0,0
854,5765,0.8,0.2,0
855,393,0.2,0.8,1
856,3459,1.0,0.0,0
857,2471,0.8666666666666667,0.13333333333333333,0
858,963,0.7333333333333333,0.26666666666666666,0
859,510,1.0,0.0,0
860,4178,0.6666666666666666,0.3333333333333333,0
861,4526,0.4,0.6,1
862,1982,0.13333333333333333,0.8666666666666667,1
863,62,0.9333333333333333,0.06666666666666667,0
864,2988,1.0,0.0,0
865,643,0.4666666666666667,0.5333333333333333,1
866,3282,0.8666666666666667,0.13333333333333333,0
867,4749,0.4666666666666667,0.5333333333333333,1
868,6470,0.8666666666666667,0.13333333333333333,0
869,5128,0.7333333333333333,0.26666666666666666,0
870,3395,0.4,0.6,1
871,6000,0.6666666666666666,0.3333333333333333,0
872,2201,1.0,0.0,0
873,4865,0.9333333333333333,0.06666666666666667,0
874,4467,0.8,0.2,0
875,3709,0.8666666666666667,0.13333333333333333,0
876,4802,0.8,0.2,0
877,3796,0.6666666666666666,0.3333333333333333,0
878,201,0.13333333333333333,0.8666666666666667,1
879,608,0.6666666666666666,0.3333333333333333,0
880,1424,1.0,0.0,0
881,5586,0.7333333333333333,0.26666666666666666,0
882,4061,0.8666666666666667,0.13333333333333333,0
883,1653,0.6,0.4,0
884,1681,1.0,0.0,0
885,3017,0.6,0.4,0
886,6500,0.7333333333333333,0.26666666666666666,0
887,6595,0.8,0.2,0
888,3956,0.8,0.2,0
889,5914,1.0,0.0,0
890,672,1.0,0.0,0
891,5342,0.4,0.6,1
892,2418,0.9333333333333333,0.06666666666666667,0
893,6038,0.8,0.2,0
894,2042,0.6,0.4,0
895,5762,0.4666666666666667,0.5333333333333333,1
896,3988,0.6666666666666666,0.3333333333333333,0
897,732,1.0,0.0,0
898,5434,1.0,0.0,0
899,1620,0.9333333333333333,0.06666666666666667,0
900,5453,0.7333333333333333,0.26666666666666666,0
901,5031,0.4,0.6,1
902,6615,0.13333333333333333,0.8666666666666667,1
903,663,0.13333333333333333,0.8666666666666667,1
904,4042,0.8666666666666667,0.13333333333333333,0
905,5209,0.6,0.4,0
906,592,0.4666666666666667,0.5333333333333333,1
907,1105,0.8666666666666667,0.13333333333333333,0
908,2736,1.0,0.0,0
909,579,0.7333333333333333,0.26666666666666666,0
910,5410,0.8666666666666667,0.13333333333333333,0
911,1140,0.9333333333333333,0.06666666666666667,0
912,2077,0.6666666666666666,0.3333333333333333,0
913,5807,0.6666666666666666,0.3333333333333333,0
914,4746,0.7333333333333333,0.26666666666666666,0
915,1955,0.8,0.2,0
916,6314,0.6666666666666666,0.3333333333333333,0
917,2795,0.7333333333333333,0.26666666666666666,0
918,4923,0.9333333333333333,0.06666666666666667,0
919,2512,0.8,0.2,0
920,729,0.7333333333333333,0.26666666666666666,0
921,6916,0.5333333333333333,0.4666666666666667,0
922,5080,0.9333333333333333,0.06666666666666667,0
923,2832,0.8,0.2,0
924,2758,1.0,0.0,0
925,2784,0.6,0.4,0
926,3272,0.6666666666666666,0.3333333333333333,0
927,4564,0.4,0.6,1
928,853,0.8666666666666667,0.13333333333333333,0
929,3859,0.4666666666666667,0.5333333333333333,1
930,84,0.5333333333333333,0.4666666666666667,0
931,3482,0.5333333333333333,0.4666666666666667,0
932,150,0.7333333333333333,0.26666666666666666,0
933,2435,0.8666666666666667,0.13333333333333333,0
934,6210,0.6,0.4,0
935,3442,0.9333333333333333,0.06666666666666667,0
936,2273,0.2,0.8,1
937,6155,1.0,0.0,0
938,3259,0.6,0.4,0
939,3155,0.8666666666666667,0.13333333333333333,0
940,6342,0.26666666666666666,0.7333333333333333,1
941,4064,1.0,0.0,0
942,6917,0.8666666666666667,0.13333333333333333,0
943,3536,0.8,0.2,0
944,4933,0.5333333333333333,0.4666666666666667,0
945,5264,0.9333333333333333,0.06666666666666667,0
946,1172,0.7333333333333333,0.26666666666666666,0
947,2880,0.6666666666666666,0.3333333333333333,0
948,3579,0.6,0.4,0
949,5243,0.2,0.8,1
950,6051,0.8666666666666667,0.13333333333333333,0
951,5454,0.8666666666666667,0.13333333333333333,0
952,6408,0.8666666666666667,0.13333333333333333,0
953,1040,0.8666666666666667,0.13333333333333333,0
954,5204,0.4666666666666667,0.5333333333333333,1
955,1329,0.13333333333333333,0.8666666666666667,1
956,107,0.9333333333333333,0.06666666666666667,0
957,400,0.8666666666666667,0.13333333333333333,0
958,6724,0.8666666666666667,0.13333333333333333,0
959,2011,1.0,0.0,0
960,743,0.9333333333333333,0.06666666666666667,0
961,3933,0.9333333333333333,0.06666666666666667,0
962,2199,0.4666666666666667,0.5333333333333333,1
963,6336,0.4666666666666667,0.5333333333333333,1
964,2444,0.9333333333333333,0.06666666666666667,0
965,1578,1.0,0.0,0
966,2638,0.9333333333333333,0.06666666666666667,0
967,1348,0.2,0.8,1
968,5096,0.8666666666666667,0.13333333333333333,0
969,951,0.4,0.6,1
970,2071,0.06666666666666667,0.9333333333333333,1
971,6717,0.7333333333333333,0.26666666666666666,0
972,3060,1.0,0.0,0
973,4734,0.7333333333333333,0.26666666666666666,0
974,5949,0.8,0.2,0
975,3303,1.0,0.0,0
976,3133,0.6666666666666666,0.3333333333333333,0
977,6789,0.9333333333333333,0.06666666666666667,0
978,5766,1.0,0.0,0
979,1031,0.8666666666666667,0.13333333333333333,0
980,2526,0.8666666666666667,0.13333333333333333,0
981,375,1.0,0.0,0
982,1522,0.9333333333333333,0.06666666666666667,0
983,3817,0.6666666666666666,0.3333333333333333,0
984,530,1.0,0.0,0
985,2672,0.8666666666666667,0.13333333333333333,0
986,1313,0.9333333333333333,0.06666666666666667,0
987,4191,0.13333333333333333,0.8666666666666667,1
988,2410,0.8666666666666667,0.13333333333333333,0
989,4629,0.8,0.2,0
990,1611,1.0,0.0,0
991,2268,0.6666666666666666,0.3333333333333333,0
992,4797,0.5333333333333333,0.4666666666666667,0
993,2543,0.9333333333333333,0.06666666666666667,0
994,3509,0.6666666666666666,0.3333333333333333,0
995,2631,0.8666666666666667,0.13333333333333333,0
996,3016,0.8666666666666667,0.13333333333333333,0
997,1076,0.9333333333333333,0.06666666666666667,0
998,6494,0.3333333333333333,0.6666666666666666,1
999,5420,0.9333333333333333,0.06666666666666667,0
1000,4189,0.9333333333333333,0.06666666666666667,0
1001,3083,0.7333333333333333,0.26666666666666666,0
1002,1531,0.8,0.2,0
1003,1119,0.8666666666666667,0.13333333333333333,0
1004,1028,0.8666666666666667,0.13333333333333333,0
1005,5552,0.26666666666666666,0.7333333333333333,1
1006,6209,0.9333333333333333,0.06666666666666667,0
1007,6605,0.13333333333333333,0.8666666666666667,1
1008,928,0.7333333333333333,0.26666666666666666,0
1009,831,0.9333333333333333,0.06666666666666667,0
1010,3504,0.2,0.8,1
1011,247,0.8,0.2,0
1012,2985,0.6,0.4,0
1013,1829,0.6,0.4,0
1014,2740,0.5333333333333333,0.4666666666666667,0
1015,6187,0.8,0.2,0
1016,2380,0.8666666666666667,0.13333333333333333,0
1017,1102,0.2,0.8,1
1018,6077,0.6666666666666666,0.3333333333333333,0
1019,31,1.0,0.0,0
1020,1261,0.8,0.2,0
1021,6127,0.7333333333333333,0.26666666666666666,0
1022,3584,0.7333333333333333,0.26666666666666666,0
1023,5856,0.5333333333333333,0.4666666666666667,0
1024,1777,0.8,0.2,0
1025,3499,1.0,0.0,0
1026,4637,1.0,0.0,0
1027,2951,0.26666666666666666,0.7333333333333333,1
1028,3265,0.9333333333333333,0.06666666666666667,0
1029,2667,1.0,0.0,0
1030,78,0.6,0.4,0
1031,5035,0.9333333333333333,0.06666666666666667,0
1032,1635,0.8,0.2,0
1033,5257,1.0,0.0,0
1034,2189,0.4666666666666667,0.5333333333333333,1
1035,5950,0.7333333333333333,0.26666666666666666,0
1036,4811,0.8666666666666667,0.13333333333333333,0
1037,6904,1.0,0.0,0
1038,261,0.4666666666666667,0.5333333333333333,1
1039,4647,0.8,0.2,0
1040,4350,0.8,0.2,0
1041,6734,0.9333333333333333,0.06666666666666667,0
1042,2172,0.8666666666666667,0.13333333333333333,0
1043,6124,0.8,0.2,0
1044,709,0.8666666666666667,0.13333333333333333,0
1045,1277,1.0,0.0,0
1046,6691,0.3333333333333333,0.6666666666666666,1
1047,2381,0.8666666666666667,0.13333333333333333,0
1048,4911,0.13333333333333333,0.8666666666666667,1
1049,432,0.6,0.4,0
1050,72,1.0,0.0,0
1051,2457,0.9333333333333333,0.06666666666666667,0
1052,4787,0.8666666666666667,0.13333333333333333,0
1053,5134,0.7333333333333333,0.26666666666666666,0
1054,241,0.8,0.2,0
1055,4392,0.8,0.2,0
1056,5972,0.3333333333333333,0.6666666666666666,1
1057,4248,0.8666666666666667,0.13333333333333333,0
1058,4617,0.8666666666666667,0.13333333333333333,0
1059,6466,0.8666666666666667,0.13333333333333333,0
1060,4569,0.6,0.4,0
1061,1303,0.5333333333333333,0.4666666666666667,0
1062,1300,0.7333333333333333,0.26666666666666666,0
1063,4481,1.0,0.0,0
1064,5501,0.8666666666666667,0.13333333333333333,0
1065,3611,0.7333333333333333,0.26666666666666666,0
1066,5355,0.4666666666666667,0.5333333333333333,1
1067,6093,0.8666666666666667,0.13333333333333333,0
1068,6042,0.7333333333333333,0.26666666666666666,0
1069,277,0.8666666666666667,0.13333333333333333,0
1070,1250,0.9333333333333333,0.06666666666666667,0
1071,1392,0.7333333333333333,0.26666666666666666,0
1072,1998,0.9333333333333333,0.06666666666666667,0
1073,1663,0.2,0.8,1
1074,3095,0.4,0.6,1
1075,1972,0.0,1.0,1
1076,2841,0.8666666666666667,0.13333333333333333,0
1077,964,0.7333333333333333,0.26666666666666666,0
1078,2760,0.6,0.4,0
1079,2279,0.6666666666666666,0.3333333333333333,0
1080,4078,0.4666666666666667,0.5333333333333333,1
1081,6328,0.4,0.6,1
1082,3930,1.0,0.0,0
1083,5409,0.6,0.4,0
1084,5902,0.8,0.2,0
1085,4242,0.8,0.2,0
1086,5621,1.0,0.0,0
1087,2169,0.2,0.8,1
1088,2544,0.6,0.4,0
1089,4630,1.0,0.0,0
1090,1291,0.8666666666666667,0.13333333333333333,0
1091,734,0.06666666666666667,0.9333333333333333,1
1092,5210,0.9333333333333333,0.06666666666666667,0
1093,636,0.5333333333333333,0.4666666666666667,0
1094,2452,0.9333333333333333,0.06666666666666667,0
1095,3857,0.8,0.2,0
1096,1475,1.0,0.0,0
1097,6557,0.5333333333333333,0.4666666666666667,0
1098,2286,0.8666666666666667,0.13333333333333333,0
1099,691,0.8666666666666667,0.13333333333333333,0
1100,2333,0.8666666666666667,0.13333333333333333,0
1101,103,1.0,0.0,0
1102,2266,1.0,0.0,0
1103,2307,0.8,0.2,0
1104,555,0.7333333333333333,0.26666666666666666,0
1105,6054,0.13333333333333333,0.8666666666666667,1
1106,6168,0.9333333333333333,0.06666666666666667,0
1107,3146,0.5333333333333333,0.4666666666666667,0
1108,4815,0.2,0.8,1
1109,1697,0.8,0.2,0
1110,5583,0.9333333333333333,0.06666666666666667,0
1111,1887,0.4,0.6,1
1112,6169,1.0,0.0,0
1113,6128,0.7333333333333333,0.26666666666666666,0
1114,1967,0.8666666666666667,0.13333333333333333,0
1115,4626,0.6666666666666666,0.3333333333333333,0
1116,3084,0.8666666666666667,0.13333333333333333,0
1117,4441,0.6,0.4,0
1118,1165,0.8666666666666667,0.13333333333333333,0
1119,3865,1.0,0.0,0
1120,6849,0.7333333333333333,0.26666666666666666,0
1121,710,0.6666666666666666,0.3333333333333333,0
1122,2384,0.4666666666666667,0.5333333333333333,1
1123,6121,0.9333333333333333,0.06666666666666667,0
1124,373,0.9333333333333333,0.06666666666666667,0
1125,5486,1.0,0.0,0
1126,1548,0.8666666666666667,0.13333333333333333,0
1127,783,0.9333333333333333,0.06666666666666667,0
1128,5977,0.6,0.4,0
1129,5090,0.8,0.2,0
1130,5318,0.6666666666666666,0.3333333333333333,0
1131,2798,0.8666666666666667,0.13333333333333333,0
1132,3425,0.9333333333333333,0.06666666666666667,0
1133,3487,0.8666666666666667,0.13333333333333333,0
1134,2085,0.9333333333333333,0.06666666666666667,0
1135,2188,0.8,0.2,0
1136,7032,1.0,0.0,0
1137,6447,1.0,0.0,0
1138,4134,1.0,0.0,0
1139,2009,0.6,0.4,0
1140,3059,0.5333333333333333,0.4666666666666667,0
1141,4319,0.6,0.4,0
1142,1984,0.13333333333333333,0.8666666666666667,1
1143,6761,0.6,0.4,0
1144,1738,0.8,0.2,0
1145,2065,0.4666666666666667,0.5333333333333333,1
1146,3556,1.0,0.0,0
1147,6371,0.9333333333333333,0.06666666666666667,0
1148,5028,0.9333333333333333,0.06666666666666667,0
1149,3098,1.0,0.0,0
1150,5224,0.9333333333333333,0.06666666666666667,0
1151,2561,1.0,0.0,0
1152,6403,1.0,0.0,0
1153,6003,0.8,0.2,0
1154,6284,0.6666666666666666,0.3333333333333333,0
1155,6694,0.9333333333333333,0.06666666666666667,0
1156,6955,0.7333333333333333,0.26666666666666666,0
1157,2413,0.6666666666666666,0.3333333333333333,0
1158,4771,0.4,0.6,1
1159,2350,0.5333333333333333,0.4666666666666667,0
1160,181,0.26666666666666666,0.7333333333333333,1
1161,5089,0.8,0.2,0
1162,6475,1.0,0.0,0
1163,4129,0.6666666666666666,0.3333333333333333,0
1164,372,0.4666666666666667,0.5333333333333333,1
1165,4034,0.8666666666666667,0.13333333333333333,0
1166,119,0.8,0.2,0
1167,4306,1.0,0.0,0
1168,41,0.7333333333333333,0.26666666666666666,0
1169,2076,1.0,0.0,0
1170,544,0.9333333333333333,0.06666666666666667,0
1171,6652,0.8,0.2,0
1172,756,0.8,0.2,0
1173,4004,0.7333333333333333,0.26666666666666666,0
1174,4616,0.7333333333333333,0.26666666666666666,0
1175,2894,0.4666666666666667,0.5333333333333333,1
1176,4760,0.6666666666666666,0.3333333333333333,0
1177,6227,1.0,0.0,0
1178,3079,0.8666666666666667,0.13333333333333333,0
1179,3722,0.7333333333333333,0.26666666666666666,0
1180,1152,1.0,0.0,0
1181,786,0.6666666666666666,0.3333333333333333,0
1182,5845,0.8,0.2,0
1183,5687,1.0,0.0,0
1184,3353,0.9333333333333333,0.06666666666666667,0
1185,1204,0.6,0.4,0
1186,6922,0.8,0.2,0
1187,6351,0.4666666666666667,0.5333333333333333,1
1188,5467,0.8,0.2,0
1189,1569,0.4,0.6,1
1190,3014,1.0,0.0,0
1191,5412,0.8666666666666667,0.13333333333333333,0
1192,676,0.8,0.2,0
1193,2746,0.4666666666666667,0.5333333333333333,1
1194,648,0.6,0.4,0
1195,4671,0.7333333333333333,0.26666666666666666,0
1196,3435,0.8666666666666667,0.13333333333333333,0
1197,131,0.6,0.4,0
1198,2777,0.8,0.2,0
1199,4641,0.8666666666666667,0.13333333333333333,0
1200,3450,0.9333333333333333,0.06666666666666667,0
1201,615,0.8,0.2,0
1202,4873,0.8666666666666667,0.13333333333333333,0
1203,1328,0.26666666666666666,0.7333333333333333,1
1204,4155,0.8666666666666667,0.13333333333333333,0
1205,2422,0.6666666666666666,0.3333333333333333,0
1206,685,0.8666666666666667,0.13333333333333333,0
1207,6100,0.9333333333333333,0.06666666666666667,0
1208,2031,0.8666666666666667,0.13333333333333333,0
1209,1807,0.5333333333333333,0.4666666666666667,0
1210,7005,0.7333333333333333,0.26666666666666666,0
1211,1983,0.9333333333333333,0.06666666666666667,0
1212,545,1.0,0.0,0
1213,1079,0.2,0.8,1
1214,22,0.6666666666666666,0.3333333333333333,0
1215,3634,0.6,0.4,0
1216,4723,1.0,0.0,0
1217,3114,0.5333333333333333,0.4666666666666667,0
1218,4493,0.6,0.4,0
1219,589,0.8,0.2,0
1220,6918,0.7333333333333333,0.26666666666666666,0
1221,4560,0.6666666666666666,0.3333333333333333,0
1222,3121,0.9333333333333333,0.06666666666666667,0
1223,3613,1.0,0.0,0
1224,7029,0.8,0.2,0
1225,6260,0.9333333333333333,0.06666666666666667,0
1226,2888,0.7333333333333333,0.26666666666666666,0
1227,4329,0.4,0.6,1
1228,2217,1.0,0.0,0
1229,7036,0.2,0.8,1
1230,4639,1.0,0.0,0
1231,1067,1.0,0.0,0
1232,1724,0.13333333333333333,0.8666666666666667,1
1233,3101,0.8,0.2,0
1234,3852,0.4,0.6,1
1235,6769,0.4,0.6,1
1236,1493,0.13333333333333333,0.8666666666666667,1
1237,3698,0.8666666666666667,0.13333333333333333,0
1238,2607,0.5333333333333333,0.4666666666666667,0
1239,5629,1.0,0.0,0
1240,3343,0.4666666666666667,0.5333333333333333,1
1241,4365,0.5333333333333333,0.4666666666666667,0
1242,5931,0.26666666666666666,0.7333333333333333,1
1243,4162,0.06666666666666667,0.9333333333333333,1
1244,6461,0.7333333333333333,0.26666666666666666,0
1245,687,0.8666666666666667,0.13333333333333333,0
1246,6914,1.0,0.0,0
1247,6485,0.3333333333333333,0.6666666666666666,1
1248,2633,0.9333333333333333,0.06666666666666667,0
1249,2697,1.0,0.0,0
1250,2539,0.8,0.2,0
1251,5593,0.6666666666666666,0.3333333333333333,0
1252,635,0.8666666666666667,0.13333333333333333,0
1253,7011,0.9333333333333333,0.06666666666666667,0
1254,5399,1.0,0.0,0
1255,4409,0.7333333333333333,0.26666666666666666,0
1256,1200,1.0,0.0,0
1257,1781,0.8,0.2,0
1258,3792,1.0,0.0,0
1259,6013,1.0,0.0,0
1260,192,0.8666666666666667,0.13333333333333333,0
1261,3802,0.6,0.4,0
1262,3664,0.9333333333333333,0.06666666666666667,0
1263,961,1.0,0.0,0
1264,3097,0.6,0.4,0
1265,4996,0.6,0.4,0
1266,2292,0.06666666666666667,0.9333333333333333,1
1267,4823,0.9333333333333333,0.06666666666666667,0
1268,770,0.6666666666666666,0.3333333333333333,0
1269,644,0.6,0.4,0
1270,5799,1.0,0.0,0
1271,3061,0.8666666666666667,0.13333333333333333,0
1272,601,0.9333333333333333,0.06666666666666667,0
1273,836,0.8666666666666667,0.13333333333333333,0
1274,4083,0.8,0.2,0
1275,528,0.8,0.2,0
1276,3920,0.6,0.4,0
1277,2257,0.8,0.2,0
1278,1189,0.9333333333333333,0.06666666666666667,0
1279,2569,0.5333333333333333,0.4666666666666667,0
1280,5564,0.8666666666666667,0.13333333333333333,0
1281,5619,0.6666666666666666,0.3333333333333333,0
1282,3409,0.9333333333333333,0.06666666666666667,0
1283,1507,0.8666666666666667,0.13333333333333333,0
1284,2346,1.0,0.0,0
1285,3237,0.4666666666666667,0.5333333333333333,1
1286,4983,1.0,0.0,0
1287,3445,0.6666666666666666,0.3333333333333333,0
1288,6818,0.4,0.6,1
1289,620,0.9333333333333333,0.06666666666666667,0
1290,1933,0.9333333333333333,0.06666666666666667,0
1291,4985,1.0,0.0,0
1292,6653,1.0,0.0,0
1293,6899,0.7333333333333333,0.26666666666666666,0
1294,40,0.2,0.8,1
1295,6427,0.9333333333333333,0.06666666666666667,0
1296,3044,0.8,0.2,0
1297,4623,0.8,0.2,0
1298,4332,1.0,0.0,0
1299,6604,0.9333333333333333,0.06666666666666667,0
1300,2820,0.9333333333333333,0.06666666666666667,0
1301,3629,0.26666666666666666,0.7333333333333333,1
1302,2585,1.0,0.0,0
1303,6964,0.8666666666666667,0.13333333333333333,0
1304,2567,0.9333333333333333,0.06666666666666667,0
1305,2808,1.0,0.0,0
1306,3313,0.9333333333333333,0.06666666666666667,0
1307,973,0.6,0.4,0
1308,4110,0.6666666666666666,0.3333333333333333,0
1309,5312,0.13333333333333333,0.8666666666666667,1
1310,6364,0.8,0.2,0
1311,3372,0.6666666666666666,0.3333333333333333,0
1312,1528,0.7333333333333333,0.26666666666666666,0
1313,1223,0.8666666666666667,0.13333333333333333,0
1314,626,0.6666666666666666,0.3333333333333333,0
1315,6238,0.9333333333333333,0.06666666666666667,0
1316,1675,0.4666666666666667,0.5333333333333333,1
1317,2671,0.9333333333333333,0.06666666666666667,0
1318,4420,0.8666666666666667,0.13333333333333333,0
1319,5379,0.13333333333333333,0.8666666666666667,1
1320,5638,0.9333333333333333,0.06666666666666667,0
1321,5297,1.0,0.0,0
1322,4904,0.3333333333333333,0.6666666666666666,1
1323,2129,0.9333333333333333,0.06666666666666667,0
1324,3773,0.6666666666666666,0.3333333333333333,0
1325,4776,0.8666666666666667,0.13333333333333333,0
1326,5158,0.8,0.2,0
1327,2295,0.7333333333333333,0.26666666666666666,0
1328,5152,0.4666666666666667,0.5333333333333333,1
1329,4664,1.0,0.0,0
1330,126,0.4,0.6,1
1331,1948,0.7333333333333333,0.26666666666666666,0
1332,610,0.8666666666666667,0.13333333333333333,0
1333,262,0.13333333333333333,0.8666666666666667,1
1334,939,0.6,0.4,0
1335,6390,0.6666666666666666,0.3333333333333333,0
1336,547,0.7333333333333333,0.26666666666666666,0
1337,2288,0.7333333333333333,0.26666666666666666,0
1338,4733,0.8,0.2,0
1339,1340,0.8666666666666667,0.13333333333333333,0
1340,5835,1.0,0.0,0
1341,5898,0.8,0.2,0
1342,1009,0.5333333333333333,0.4666666666666667,0
1343,5495,0.4666666666666667,0.5333333333333333,1
1344,5491,0.8666666666666667,0.13333333333333333,0
1345,5481,0.8666666666666667,0.13333333333333333,0
1346,163,0.7333333333333333,0.26666666666666666,0
1347,3515,0.6666666666666666,0.3333333333333333,0
1348,823,0.6666666666666666,0.3333333333333333,0
1349,4265,0.6666666666666666,0.3333333333333333,0
1350,5580,0.6666666666666666,0.3333333333333333,0
1351,1474,0.4,0.6,1
1352,5627,0.6,0.4,0
1353,1114,0.5333333333333333,0.4666666666666667,0
1354,1852,0.5333333333333333,0.4666666666666667,0
1355,755,0.6,0.4,0
1356,5,0.8666666666666667,0.13333333333333333,0
1357,5689,0.8,0.2,0
1358,5767,0.7333333333333333,0.26666666666666666,0
1359,2371,0.26666666666666666,0.7333333333333333,1
1360,1086,0.7333333333333333,0.26666666666666666,0
1361,4130,0.2,0.8,1
1362,2246,0.8666666666666667,0.13333333333333333,0
1363,5021,0.8666666666666667,0.13333333333333333,0
1364,2929,0.8,0.2,0
1365,5679,0.8666666666666667,0.13333333333333333,0
1366,6830,0.8666666666666667,0.13333333333333333,0
1367,1664,1.0,0.0,0
1368,2241,0.8,0.2,0
1369,4005,1.0,0.0,0
1370,5712,0.8666666666666667,0.13333333333333333,0
1371,4757,0.9333333333333333,0.06666666666666667,0
1372,2782,0.6666666666666666,0.3333333333333333,0
1373,3322,0.8666666666666667,0.13333333333333333,0
1374,4972,0.8,0.2,0
1375,4507,0.5333333333333333,0.4666666666666667,0
1376,6113,0.3333333333333333,0.6666666666666666,1
1377,3835,0.8666666666666667,0.13333333333333333,0
1378,5623,0.9333333333333333,0.06666666666666667,0
1379,1011,0.9333333333333333,0.06666666666666667,0
1380,43,0.9333333333333333,0.06666666666666667,0
1381,3361,1.0,0.0,0
1382,5603,0.4,0.6,1
1383,3744,0.9333333333333333,0.06666666666666667,0
1384,2203,0.26666666666666666,0.7333333333333333,1
1385,178,0.8666666666666667,0.13333333333333333,0
1386,3707,0.9333333333333333,0.06666666666666667,0
1387,6585,0.9333333333333333,0.06666666666666667,0
1388,5858,1.0,0.0,0
1389,6862,0.13333333333333333,0.8666666666666667,1
1390,1042,0.3333333333333333,0.6666666666666666,1
1391,1558,0.8,0.2,0
1392,4252,1.0,0.0,0
1393,5895,0.8666666666666667,0.13333333333333333,0
1394,457,0.4666666666666667,0.5333333333333333,1
1395,4737,0.9333333333333333,0.06666666666666667,0
1396,1895,0.8,0.2,0
1397,1969,0.7333333333333333,0.26666666666666666,0
1398,3289,0.7333333333333333,0.26666666666666666,0
1399,5443,0.4666666666666667,0.5333333333333333,1
1400,4765,0.4,0.6,1
1401,6864,0.8,0.2,0
1402,600,0.8666666666666667,0.13333333333333333,0
1403,3946,0.8666666666666667,0.13333333333333333,0
1404,3230,0.8,0.2,0
1405,349,1.0,0.0,0
1406,3690,0.6666666666666666,0.3333333333333333,0
